MJD, HA, BASELINE, VisRatio_normed, visratio_normed_err, visratio_raw, visratio_raw_error, PhaseDiff, Phase_err, Tel1_ratio,tel1_ratio_err,tel2_ratio,tel2_ratio_err, snr12, vis2_1,vis2_2 
 59872.2971761475564563 , -0.4641799926757812 , 6 , 0.9709192 , 0.0233855 , 0.8473262 , 0.0163819 , -23.7272816 , 0.6643940381731746 , 0.8985651 , 0.0165609 , 0.8476586 , 0.0053245 , 129.8444977 , 4.4462094 , 6.3027959
 59872.3003484597575152 , -0.3881388902664185 , 6 , 0.9685197 , 0.0094169 , 0.8306387 , 0.0099642 , -25.9180298 , 0.4979965975872707 , 0.8763315 , 0.0179698 , 0.8403676 , 0.0024892 , 80.9599304 , 0.8866841 , 1.2725914
 59872.3039174796140287 , -0.3020705580711365 , 6 , 0.9592484 , 0.0186552 , 0.8112643 , 0.0178097 , -30.4311848 , 0.5094898278632451 , 0.8494963 , 0.0164956 , 0.8352287 , 0.0043183 , 107.9033508 , 1.3869538 , 2.1800981
 59872.3074862226640107 , -0.2160022258758545 , 6 , 0.9396867 , 0.0242151 , 0.7863443 , 0.0233238 , -34.0866051 , 0.5677808084293486 , 0.8307218 , 0.0180725 , 0.8316317 , 0.0034395 , 74.8482361 , 0.5091973 , 0.8376639
 59872.3110551601566840 , -0.1299338936805725 , 6 , 0.9678273 , 0.0306047 , 0.7978601 , 0.0278183 , -37.3649788 , 0.6254451095298571 , 0.8287832 , 0.0127474 , 0.8223906 , 0.0071975 , 114.8966064 , 1.4342356 , 2.3609066
 59872.3166068638165598 , 0.0037644444964826 , 6 , 0.9574652 , 0.0174122 , 0.7547934 , 0.0140198 , -49.5677910 , 0.6177598982010368 , 0.7801176 , 0.0081935 , 0.8036678 , 0.0047430 , 111.1394730 , 2.4849765 , 4.3382149
 59872.3197792902283254 , 0.0798052847385406 , 6 , 0.9946695 , 0.0225540 , 0.7699496 , 0.0166978 , -52.9593964 , 0.5162038368349909 , 0.7674469 , 0.0065422 , 0.7901344 , 0.0052304 , 37.1709900 , 0.2106622 , 0.3673364
 59872.3321216942640604 , 0.3772841691970825 , 6 , 0.9637773 , 0.0732843 , 0.7286005 , 0.0492638 , -60.1508141 , 0.3516552044950533 , 0.7733155 , 0.0142730 , 0.7589411 , 0.0007867 , 35.0372009 , 0.1711622 , 0.3537454
