MJD, HA, BASELINE, VisRatio_normed, visratio_normed_err, visratio_raw, visratio_raw_error, PhaseDiff, Phase_err, Tel1_ratio,tel1_ratio_err,tel2_ratio,tel2_ratio_err, snr12, vis2_1,vis2_2 
 59872.2971761475564563 , -0.4641799926757812 , 3 , 1.0064673 , 0.0437032 , 0.8789027 , 0.0388114 , -22.4449711 , 1.9145054233206917 , 0.8989933 , 0.0031710 , 0.8484333 , 0.0024834 , 19.5178719 , 0.3825874 , 0.6571117
 59872.2991588957447675 , -0.4165500104427338 , 3 , 1.0275757 , 0.0433630 , 0.8938897 , 0.0370798 , -19.0511303 , 5.1398683571297274 , 0.8962916 , 0.0027860 , 0.8485610 , 0.0011763 , 14.5287218 , 0.5721667 , 0.8994130
 59872.3027277565342956 , -0.3304816484451294 , 3 , 1.1987032 , 0.1157476 , 1.0308496 , 0.0989371 , -21.4830322 , 1.4584196404248722 , 0.8842323 , 0.0044103 , 0.8407249 , 0.0024597 , 10.7940893 , 0.1429083 , 0.2349215
