MJD, HA, BASELINE, VisRatio_normed, visratio_normed_err, visratio_raw, visratio_raw_error, PhaseDiff, Phase_err, Tel1_ratio,tel1_ratio_err,tel2_ratio,tel2_ratio_err, snr12, vis2_1,vis2_2 
 59872.2982173762284219 , -0.4388330578804016 , 1 , 0.9700883 , 0.0787404 , 1.0024738 , 0.0817092 , -27.3046417 , 0.4205363213520547 , 1.0271410 , 0.0090894 , 1.0332456 , 0.0096382 , 44.1922226 , 3.8205743 , 3.3263698
 59872.3036582271015504 , -0.3076413869857788 , 1 , 0.9520841 , 0.1015737 , 0.9672428 , 0.1018368 , -27.1464100 , 0.5335463551567238 , 1.0135763 , 0.0075344 , 1.0264088 , 0.0124261 , 13.4329872 , 0.8981581 , 0.7998312
 59872.3094617340029799 , -0.1680936217308044 , 1 , 0.9858134 , 0.0430421 , 0.9780784 , 0.0426315 , -26.8265667 , 0.4394323882469385 , 0.9861211 , 0.0128563 , 1.0043517 , 0.0102411 , 12.3295765 , 0.7579853 , 0.8285998
 59872.3168151845748071 , 0.0090566668659449 , 1 , 1.0218332 , 0.0469457 , 0.9596171 , 0.0423476 , -24.8523254 , 0.7348704984944984 , 0.9416367 , 0.0067903 , 0.9427302 , 0.0049074 , 18.7828522 , 1.1900604 , 1.3562317
 59872.3197168924743892 , 0.0784125030040741 , 1 , 1.0053869 , 0.0540277 , 0.9431803 , 0.0521199 , -24.7671967 , 1.4621344695222382 , 0.9332265 , 0.0058138 , 0.9371812 , 0.0080182 , 16.2914619 , 0.7913612 , 0.9589612
 59872.3316868021283881 , 0.3666997253894806 , 1 , 0.9409940 , 0.0723943 , 0.8613970 , 0.0644455 , -21.7589092 , 0.9229336694719239 , 0.9132897 , 0.0067283 , 0.9147669 , 0.0028483 , 10.2375813 , 0.5819430 , 0.7037079
 59872.4966383594437502 , 4.3364315032958984 , 1 , 0.9690092 , 0.0195890 , 0.8855278 , 0.0172783 , -22.9349995 , 0.2497925044450682 , 0.8954659 , 0.0051343 , 0.9263346 , 0.0066822 , 62.3611298 , 2.8358605 , 2.9614997
 59872.4999029306418379 , 4.4149794578552246 , 1 , 0.9609020 , 0.0099353 , 0.8805379 , 0.0102842 , -23.3074150 , 0.3224408019323682 , 0.8947535 , 0.0044481 , 0.9407536 , 0.0060871 , 65.4694366 , 2.9698923 , 3.0862310
 59872.5092018089271733 , 4.6389241218566895 , 1 , 0.9869602 , 0.0770410 , 0.8992959 , 0.0737947 , -25.7215748 , 0.4035736057178986 , 0.8687575 , 0.0076420 , 0.9467489 , 0.0107569 , 10.5494556 , 0.3780074 , 0.5065075
