MJD, HA, BASELINE, VisRatio_normed, visratio_normed_err, visratio_raw, visratio_raw_error, PhaseDiff, Phase_err, Tel1_ratio,tel1_ratio_err,tel2_ratio,tel2_ratio_err, snr12, vis2_1,vis2_2 
 59872.2982173762284219 , -0.4388330578804016 , 0 , 1.0166695 , 0.0433394 , 1.0381707 , 0.0404058 , -75.6516418 , 0.5501778239916264 , 1.0271410 , 0.0090894 , 1.0407228 , 0.0135296 , 84.7872849 , 7.0898147 , 5.5371008
 59872.3036582271015504 , -0.3076413869857788 , 0 , 1.0111085 , 0.0510450 , 1.0184654 , 0.0496542 , -71.4312134 , 0.7852330482284442 , 1.0135763 , 0.0075344 , 1.0115286 , 0.0128529 , 27.8329525 , 1.7906421 , 1.4175035
 59872.3094617340029799 , -0.1680936217308044 , 0 , 1.0065333 , 0.0371586 , 0.9817001 , 0.0416126 , -62.4654083 , 1.0342337050723676 , 0.9863973 , 0.0126547 , 0.9722695 , 0.0124748 , 29.9463768 , 1.6175941 , 1.6027774
 59872.3164524343883386 , -0.0001352777762804 , 0 , 1.0018740 , 0.0566379 , 0.9347216 , 0.0511723 , -45.4890671 , 1.3500134353961006 , 0.9418493 , 0.0093210 , 0.9343219 , 0.0095908 , 47.3468132 , 2.3104873 , 2.2634089
 59872.3193541523869499 , 0.0700563937425613 , 0 , 0.9986375 , 0.0392286 , 0.9299683 , 0.0360331 , -39.7497215 , 1.0050454684410823 , 0.9357351 , 0.0099320 , 0.9258764 , 0.0114116 , 45.3614388 , 2.4073217 , 2.3040857
 59872.3320495201696758 , 0.3758916854858398 , 0 , 0.9737701 , 0.0332612 , 0.8721122 , 0.0263662 , -26.2975349 , 1.2756036472609489 , 0.9132897 , 0.0069496 , 0.8884866 , 0.0029972 , 22.5848389 , 1.1772515 , 1.2723691
