MJD, HA, BASELINE, VisRatio_normed, visratio_normed_err, visratio_raw, visratio_raw_error, PhaseDiff, Phase_err, Tel1_ratio,tel1_ratio_err,tel2_ratio,tel2_ratio_err, snr12, vis2_1,vis2_2 
 59872.2978546110462048 , -0.4471891820430756 , 11 , 0.9661031 , 0.0224482 , 0.9884220 , 0.0203834 , -27.3167801 , 0.1939120203060626 , 1.0328294 , 0.0093276 , 1.0153441 , 0.0056666 , 343.7232971 , 29.6847134 , 30.0502186
 59872.3036582271015504 , -0.3076413869857788 , 11 , 0.9501168 , 0.0161391 , 0.9712436 , 0.0119611 , -27.1171207 , 0.1834235201359404 , 1.0264088 , 0.0124261 , 1.0079578 , 0.0056843 , 174.1687012 , 6.6519661 , 6.7258573
 59872.3094617340029799 , -0.1680936217308044 , 11 , 0.9608830 , 0.0254304 , 0.9547463 , 0.0237097 , -26.5099564 , 0.2124270924609685 , 1.0066055 , 0.0099723 , 0.9869701 , 0.0087646 , 92.6761627 , 5.6590242 , 5.4935093
 59872.3164524343883386 , -0.0001352777762804 , 11 , 0.9539341 , 0.0215294 , 0.8952912 , 0.0196285 , -26.6447201 , 0.2764002964057748 , 0.9424448 , 0.0073677 , 0.9359899 , 0.0049001 , 212.6244202 , 13.8554897 , 16.3659267
 59872.3197168924743892 , 0.0784125030040741 , 11 , 0.9558698 , 0.0210687 , 0.8832259 , 0.0235324 , -26.2882309 , 0.3721978629088688 , 0.9341952 , 0.0075022 , 0.9128758 , 0.0091627 , 109.1601486 , 5.4161959 , 6.3318005
 59872.3327748981391778 , 0.3934394419193268 , 11 , 0.9675319 , 0.0555644 , 0.8501859 , 0.0396840 , -27.7087536 , 0.7699188487917246 , 0.9126103 , 0.0144084 , 0.8616559 , 0.0058699 , 57.0849342 , 1.6170682 , 2.1899073
 59872.4966383594437502 , 4.3364315032958984 , 11 , 0.9736859 , 0.0086107 , 0.8782138 , 0.0069857 , -27.0266857 , 0.0990632776407879 , 0.9263346 , 0.0066822 , 0.8802736 , 0.0033866 , 197.0744019 , 9.5370760 , 12.1585140
 59872.5002656182623468 , 4.4241704940795898 , 11 , 0.9599153 , 0.0266195 , 0.8767031 , 0.0227236 , -27.2550831 , 0.2440680455730421 , 0.9407536 , 0.0065921 , 0.8780007 , 0.0091468 , 238.0744629 , 10.8501759 , 12.9579592
 59872.5092018089271733 , 4.6389241218566895 , 11 , 0.9312384 , 0.0217742 , 0.8683870 , 0.0127373 , -27.1112652 , 0.5834341228999218 , 0.9467489 , 0.0166363 , 0.9013212 , 0.0109758 , 46.2702522 , 1.1789764 , 1.4907684
