MJD, HA, BASELINE, VisRatio_normed, visratio_normed_err, visratio_raw, visratio_raw_error, PhaseDiff, Phase_err, Tel1_ratio,tel1_ratio_err,tel2_ratio,tel2_ratio_err, snr12, vis2_1,vis2_2 
 59872.2978546110462048 , -0.4471891820430756 , 6 , 0.9834673 , 0.0322444 , 0.9669516 , 0.0234462 , 41.8845520 , 0.7116222872001735 , 1.0407228 , 0.0146921 , 0.9422813 , 0.0135631 , 141.1533356 , 11.8059683 , 12.6883326
 59872.3036582271015504 , -0.3076413869857788 , 6 , 1.0031222 , 0.0248778 , 0.9754909 , 0.0233199 , 39.4810600 , 0.4873847706419552 , 1.0115286 , 0.0128529 , 0.9401079 , 0.0070736 , 89.1885223 , 3.4569817 , 3.4469221
 59872.3094617340029799 , -0.1680936217308044 , 6 , 0.9939510 , 0.0206661 , 0.9494406 , 0.0179166 , 32.5658760 , 0.5790709929793924 , 0.9722695 , 0.0124748 , 0.9333161 , 0.0105346 , 81.2008057 , 3.8621764 , 3.7338486
 59872.3164524343883386 , -0.0001352777762804 , 6 , 0.9777633 , 0.0450441 , 0.9012322 , 0.0338231 , 19.9981251 , 0.8282906150119270 , 0.9343219 , 0.0146619 , 0.9093046 , 0.0105574 , 60.5282707 , 4.7964683 , 5.3731585
 59872.3197168924743892 , 0.0784125030040741 , 6 , 0.9598492 , 0.0641670 , 0.8747854 , 0.0601796 , 17.2376060 , 0.9803109951397228 , 0.9221212 , 0.0114264 , 0.9044278 , 0.0050502 , 46.0428276 , 2.7290671 , 3.0799072
 59872.3320495201696758 , 0.3758916854858398 , 6 , 0.9260114 , 0.0609599 , 0.8244320 , 0.0538179 , 4.0547915 , 0.6529798268784853 , 0.8884866 , 0.0056409 , 0.8647668 , 0.0198584 , 24.9860268 , 1.0960929 , 1.3261060
