MJD, HA, BASELINE, VisRatio_normed, visratio_normed_err, visratio_raw, visratio_raw_error, PhaseDiff, Phase_err, Tel1_ratio,tel1_ratio_err,tel2_ratio,tel2_ratio_err, snr12, vis2_1,vis2_2 
 59872.2978546110462048 , -0.4471891820430756 , 13 , 1.0023317 , 0.0292125 , 0.9838408 , 0.0300911 , -19.2892380 , 0.5737298384416878 , 0.9422813 , 0.0135631 , 1.0153441 , 0.0056666 , 334.8428955 , 36.5157242 , 32.9302368
 59872.3036582271015504 , -0.3076413869857788 , 13 , 1.0047604 , 0.0167855 , 0.9798279 , 0.0164546 , -20.6977253 , 0.3655403980792871 , 0.9401079 , 0.0070736 , 1.0079578 , 0.0056843 , 160.5813293 , 10.4475241 , 9.5428352
 59872.3094617340029799 , -0.1680936217308044 , 13 , 0.9979572 , 0.0266067 , 0.9636019 , 0.0254861 , -22.6607761 , 0.1718922936213745 , 0.9333161 , 0.0105346 , 0.9869701 , 0.0087646 , 126.6325760 , 8.5941057 , 8.2468710
 59872.3164524343883386 , -0.0001352777762804 , 13 , 1.0101246 , 0.0726788 , 0.9298014 , 0.0595530 , -23.1400700 , 0.4899306794266465 , 0.9093046 , 0.0105574 , 0.9369408 , 0.0109646 , 149.9944153 , 7.7125287 , 8.9974842
 59872.3197168924743892 , 0.0784125030040741 , 13 , 1.0202047 , 0.0347109 , 0.9275795 , 0.0318180 , -24.4162827 , 0.4776648678767687 , 0.9044278 , 0.0051148 , 0.9128758 , 0.0091627 , 119.5755768 , 5.2568431 , 5.7443824
 59872.3324121987679973 , 0.3842477798461914 , 13 , 0.9831272 , 0.0451669 , 0.8581050 , 0.0447545 , -24.8027096 , 1.4857318608734877 , 0.8493026 , 0.0271761 , 0.8616559 , 0.0038129 , 27.9754620 , 1.2426387 , 1.3093429
 59872.4977264954068232 , 4.3623352050781250 , 13 , 1.0222663 , 0.0360349 , 0.8844838 , 0.0328027 , -17.8901539 , 0.8129351461588388 , 0.8181669 , 0.0232210 , 0.8802736 , 0.0030228 , 21.4523239 , 0.8719965 , 1.0105040
