MJD, HA, BASELINE, VisRatio_normed, visratio_normed_err, visratio_raw, visratio_raw_error, PhaseDiff, Phase_err, Tel1_ratio,tel1_ratio_err,tel2_ratio,tel2_ratio_err, snr12, vis2_1,vis2_2 
 59872.2982173762284219 , -0.4388330578804016 , 3 , 0.9463559 , 0.0889678 , 0.9444796 , 0.0887309 , -46.3821564 , 0.7584384330136551 , 1.0271410 , 0.0065891 , 0.9754277 , 0.0031507 , 9.8093405 , 1.0805122 , 1.0542053
 59872.3043836483775522 , -0.2900936007499695 , 3 , 0.9466172 , 0.1430276 , 0.9370132 , 0.1355070 , -43.5717430 , 1.2940286159207164 , 1.0071521 , 0.0072749 , 0.9643995 , 0.0068232 , 6.8859563 , 0.3113535 , 0.2120842
